{"value":[{"编号":1,"行政区编码":"150100","名称":"呼和浩特市"},{"编号":2,"行政区编码":"210800","名称":"营口市"},{"编号":3,"行政区编码":"210700","名称":"锦州市"},{"编号":4,"行政区编码":"150200","名称":"包头市"},{"编号":5,"行政区编码":"110200","名称":"北京市市辖县"},{"编号":6,"行政区编码":"653000","名称":"克孜勒苏柯尔克孜自治州"},{"编号":7,"行政区编码":"130300","名称":"秦皇岛市"},{"编号":8,"行政区编码":"130800","名称":"承德市"},{"编号":9,"行政区编码":"211400","名称":"葫芦岛市"},{"编号":10,"行政区编码":"140200","名称":"大同市"},{"编号":11,"行政区编码":"150600","名称":"鄂尔多斯市"},{"编号":12,"行政区编码":"110100","名称":"北京市市辖区"},{"编号":13,"行政区编码":"130700","名称":"张家口市"},{"编号":14,"行政区编码":"622100","名称":"酒泉地区"},{"编号":15,"行政区编码":"622200","名称":"张掖地区"},{"编号":16,"行政区编码":"632200","名称":"海北藏族自治州"},{"编号":17,"行政区编码":"120200","名称":"天津市市辖县"},{"编号":18,"行政区编码":"653100","名称":"喀什地区"},{"编号":19,"行政区编码":"620300","名称":"金昌市"},{"编号":20,"行政区编码":"130200","名称":"唐山市"},{"编号":21,"行政区编码":"360500","名称":"新余市"},{"编号":22,"行政区编码":"450600","名称":"防城港市"},{"编号":23,"行政区编码":"440700","名称":"江门市"},{"编号":24,"行政区编码":"460200","名称":"三亚市"},{"编号":25,"行政区编码":"445100","名称":"潮州市"},{"编号":26,"行政区编码":"420700","名称":"鄂州市"},{"编号":27,"行政区编码":"360100","名称":"南昌市"},{"编号":28,"行政区编码":"360600","名称":"鹰潭市"},{"编号":29,"行政区编码":"430100","名称":"长沙市"},{"编号":30,"行政区编码":"542200","名称":"山南地区"},{"编号":31,"行政区编码":"361100","名称":"上饶市"},{"编号":32,"行政区编码":"533300","名称":"怒江傈僳族自治州"},{"编号":33,"行政区编码":"542300","名称":"日喀则地区"},{"编号":34,"行政区编码":"530600","名称":"昭通市"},{"编号":35,"行政区编码":"360900","名称":"宜春市"},{"编号":36,"行政区编码":"430300","名称":"湘潭市"},{"编号":37,"行政区编码":"431300","名称":"娄底市"},{"编号":38,"行政区编码":"533400","名称":"迪庆藏族自治州"},{"编号":39,"行政区编码":"360300","名称":"萍乡市"},{"编号":40,"行政区编码":"331100","名称":"丽水市"},{"编号":41,"行政区编码":"513400","名称":"凉山彝族自治州"},{"编号":42,"行政区编码":"520300","名称":"遵义市"},{"编号":43,"行政区编码":"361000","名称":"抚州市"},{"编号":44,"行政区编码":"330300","名称":"温州市"},{"编号":45,"行政区编码":"522200","名称":"铜仁地区"},{"编号":46,"行政区编码":"430500","名称":"邵阳市"},{"编号":47,"行政区编码":"522400","名称":"毕节地区"},{"编号":48,"行政区编码":"350700","名称":"南平市"},{"编号":49,"行政区编码":"520100","名称":"贵阳市"},{"编号":50,"行政区编码":"430200","名称":"株洲市"},{"编号":51,"行政区编码":"350900","名称":"宁德市"},{"编号":52,"行政区编码":"522700","名称":"黔南布依族苗族自治州"},{"编号":53,"行政区编码":"430400","名称":"衡阳市"},{"编号":54,"行政区编码":"533200","名称":"丽江地区"},{"编号":55,"行政区编码":"520200","名称":"六盘水市"},{"编号":56,"行政区编码":"431100","名称":"永州市"},{"编号":57,"行政区编码":"360800","名称":"吉安市"},{"编号":58,"行政区编码":"431200","名称":"怀化市"},{"编号":59,"行政区编码":"510400","名称":"攀枝花市"},{"编号":60,"行政区编码":"530300","名称":"曲靖市"},{"编号":61,"行政区编码":"350400","名称":"三明市"},{"编号":62,"行政区编码":"530100","名称":"昆明市"},{"编号":63,"行政区编码":"522600","名称":"黔东南苗族侗族自治州"},{"编号":64,"行政区编码":"431000","名称":"郴州市"},{"编号":65,"行政区编码":"450300","名称":"桂林市"},{"编号":66,"行政区编码":"520400","名称":"安顺市"},{"编号":67,"行政区编码":"522300","名称":"黔西南布依族苗族自治州"},{"编号":68,"行政区编码":"360700","名称":"赣州市"},{"编号":69,"行政区编码":"532900","名称":"大理白族自治州"},{"编号":70,"行政区编码":"350800","名称":"龙岩市"},{"编号":71,"行政区编码":"350500","名称":"泉州市"},{"编号":72,"行政区编码":"350100","名称":"福州市"},{"编号":73,"行政区编码":"533100","名称":"德宏傣族景颇族自治州"},{"编号":74,"行政区编码":"350300","名称":"莆田市"},{"编号":75,"行政区编码":"530500","名称":"保山市"},{"编号":76,"行政区编码":"440200","名称":"韶关市"},{"编号":77,"行政区编码":"441400","名称":"梅州市"},{"编号":78,"行政区编码":"452700","名称":"河池地区"},{"编号":79,"行政区编码":"441800","名称":"清远市"},{"编号":80,"行政区编码":"530400","名称":"玉溪市"},{"编号":81,"行政区编码":"450200","名称":"柳州市"},{"编号":82,"行政区编码":"350200","名称":"厦门市"},{"编号":83,"行政区编码":"452400","名称":"贺州地区"},{"编号":84,"行政区编码":"452200","名称":"柳州地区"},{"编号":85,"行政区编码":"533500","名称":"临沧地区"},{"编号":86,"行政区编码":"350600","名称":"漳州市"},{"编号":87,"行政区编码":"450800","名称":"贵港市"},{"编号":88,"行政区编码":"452600","名称":"百色地区"},{"编号":89,"行政区编码":"441600","名称":"河源市"},{"编号":90,"行政区编码":"532600","名称":"文山壮族苗族自治州"},{"编号":91,"行政区编码":"445200","名称":"揭阳市"},{"编号":92,"行政区编码":"440600","名称":"佛山市"},{"编号":93,"行政区编码":"441200","名称":"肇庆市"},{"编号":94,"行政区编码":"450400","名称":"梧州市"},{"编号":95,"行政区编码":"532500","名称":"红河哈尼族彝族自治州"},{"编号":96,"行政区编码":"440500","名称":"汕头市"},{"编号":97,"行政区编码":"710000","名称":"台湾省"},{"编号":98,"行政区编码":"450100","名称":"南宁市"},{"编号":99,"行政区编码":"445300","名称":"云浮市"},{"编号":100,"行政区编码":"532300","名称":"楚雄彝族自治州"},{"编号":101,"行政区编码":"532700","名称":"思茅地区"},{"编号":102,"行政区编码":"440100","名称":"广州市"},{"编号":103,"行政区编码":"441300","名称":"惠州市"},{"编号":104,"行政区编码":"450700","名称":"钦州市"},{"编号":105,"行政区编码":"441500","名称":"汕尾市"},{"编号":106,"行政区编码":"532800","名称":"西双版纳傣族自治州"},{"编号":107,"行政区编码":"450900","名称":"玉林市"},{"编号":108,"行政区编码":"810000","名称":"香港特别行政区"},{"编号":109,"行政区编码":"452100","名称":"南宁地区"},{"编号":110,"行政区编码":"440400","名称":"珠海市"},{"编号":111,"行政区编码":"440300","名称":"深圳市"},{"编号":112,"行政区编码":"211000","名称":"辽阳市"},{"编号":113,"行政区编码":"152800","名称":"巴彦淖尔盟"},{"编号":114,"行政区编码":"120100","名称":"天津市市辖区"},{"编号":115,"行政区编码":"640100","名称":"银川市"},{"编号":116,"行政区编码":"131000","名称":"廊坊市"},{"编号":117,"行政区编码":"653200","名称":"和田地区"},{"编号":118,"行政区编码":"142300","名称":"吕梁地区"},{"编号":119,"行政区编码":"140100","名称":"太原市"},{"编号":120,"行政区编码":"370600","名称":"烟台市"},{"编号":121,"行政区编码":"130100","名称":"石家庄市"},{"编号":122,"行政区编码":"640300","名称":"吴忠市"},{"编号":123,"行政区编码":"130900","名称":"沧州市"},{"编号":124,"行政区编码":"622300","名称":"武威地区"},{"编号":125,"行政区编码":"131100","名称":"衡水市"},{"编号":126,"行政区编码":"371600","名称":"滨州市"},{"编号":127,"行政区编码":"140700","名称":"晋中市"},{"编号":128,"行政区编码":"371400","名称":"德州市"},{"编号":129,"行政区编码":"130500","名称":"邢台市"},{"编号":130,"行政区编码":"370500","名称":"东营市"},{"编号":131,"行政区编码":"370100","名称":"济南市"},{"编号":132,"行政区编码":"642200","名称":"固原地区"},{"编号":133,"行政区编码":"620200","名称":"嘉峪关市"},{"编号":134,"行政区编码":"620400","名称":"白银市"},{"编号":135,"行政区编码":"620100","名称":"兰州市"},{"编号":136,"行政区编码":"140400","名称":"长治市"},{"编号":137,"行政区编码":"630100","名称":"西宁市"},{"编号":138,"行政区编码":"371000","名称":"威海市"},{"编号":139,"行政区编码":"130400","名称":"邯郸市"},{"编号":140,"行政区编码":"441900","名称":"东莞市"},{"编号":141,"行政区编码":"450500","名称":"北海市"},{"编号":142,"行政区编码":"440900","名称":"茂名市"},{"编号":143,"行政区编码":"440800","名称":"湛江市"},{"编号":144,"行政区编码":"622400","名称":"定西地区"},{"编号":145,"行政区编码":"622900","名称":"临夏回族自治州"},{"编号":146,"行政区编码":"410900","名称":"濮阳市"},{"编号":147,"行政区编码":"370800","名称":"济宁市"},{"编号":148,"行政区编码":"410800","名称":"焦作市"},{"编号":149,"行政区编码":"371700","名称":"菏泽市"},{"编号":150,"行政区编码":"410700","名称":"新乡市"},{"编号":151,"行政区编码":"622700","名称":"平凉地区"},{"编号":152,"行政区编码":"610200","名称":"铜川市"},{"编号":153,"行政区编码":"370400","名称":"枣庄市"},{"编号":154,"行政区编码":"632600","名称":"果洛藏族自治州"},{"编号":155,"行政区编码":"610500","名称":"渭南市"},{"编号":156,"行政区编码":"371100","名称":"日照市"},{"编号":157,"行政区编码":"610300","名称":"宝鸡市"},{"编号":158,"行政区编码":"371300","名称":"临沂市"},{"编号":159,"行政区编码":"140800","名称":"运城市"},{"编号":160,"行政区编码":"620500","名称":"天水市"},{"编号":161,"行政区编码":"410200","名称":"开封市"},{"编号":162,"行政区编码":"623000","名称":"甘南藏族自治州"},{"编号":163,"行政区编码":"632300","名称":"黄南藏族自治州"},{"编号":164,"行政区编码":"410100","名称":"郑州市"},{"编号":165,"行政区编码":"411200","名称":"三门峡市"},{"编号":166,"行政区编码":"320700","名称":"连云港市"},{"编号":167,"行政区编码":"341300","名称":"宿州市"},{"编号":168,"行政区编码":"610400","名称":"咸阳市"},{"编号":169,"行政区编码":"411400","名称":"商丘市"},{"编号":170,"行政区编码":"410300","名称":"洛阳市"},{"编号":171,"行政区编码":"610100","名称":"西安市"},{"编号":172,"行政区编码":"411000","名称":"许昌市"},{"编号":173,"行政区编码":"612500","名称":"商洛地区"},{"编号":174,"行政区编码":"320300","名称":"徐州市"},{"编号":175,"行政区编码":"340600","名称":"淮北市"},{"编号":176,"行政区编码":"410400","名称":"平顶山市"},{"编号":177,"行政区编码":"622600","名称":"陇南地区"},{"编号":178,"行政区编码":"321300","名称":"宿迁市"},{"编号":179,"行政区编码":"411600","名称":"周口市"},{"编号":180,"行政区编码":"320900","名称":"盐城市"},{"编号":181,"行政区编码":"411100","名称":"漯河市"},{"编号":182,"行政区编码":"341600","名称":"亳州市"},{"编号":183,"行政区编码":"610700","名称":"汉中市"},{"编号":184,"行政区编码":"340300","名称":"蚌埠市"},{"编号":185,"行政区编码":"320800","名称":"淮安市"},{"编号":186,"行政区编码":"411700","名称":"驻马店市"},{"编号":187,"行政区编码":"340400","名称":"淮南市"},{"编号":188,"行政区编码":"341200","名称":"阜阳市"},{"编号":189,"行政区编码":"632700","名称":"玉树藏族自治州"},{"编号":190,"行政区编码":"321200","名称":"泰州市"},{"编号":191,"行政区编码":"411300","名称":"南阳市"},{"编号":192,"行政区编码":"320600","名称":"南通市"},{"编号":193,"行政区编码":"610900","名称":"安康市"},{"编号":194,"行政区编码":"340100","名称":"合肥市"},{"编号":195,"行政区编码":"513200","名称":"阿坝藏族羌族自治州"},{"编号":196,"行政区编码":"341100","名称":"滁州市"},{"编号":197,"行政区编码":"420300","名称":"十堰市"},{"编号":198,"行政区编码":"321000","名称":"扬州市"},{"编号":199,"行政区编码":"411500","名称":"信阳市"},{"编号":200,"行政区编码":"510800","名称":"广元市"},{"编号":201,"行政区编码":"321100","名称":"镇江市"},{"编号":202,"行政区编码":"421300","名称":"随州市"},{"编号":203,"行政区编码":"511900","名称":"巴中市"},{"编号":204,"行政区编码":"320400","名称":"常州市"},{"编号":205,"行政区编码":"420600","名称":"襄樊市"},{"编号":206,"行政区编码":"510700","名称":"绵阳市"},{"编号":207,"行政区编码":"542500","名称":"阿里地区"},{"编号":208,"行政区编码":"341500","名称":"六安市"},{"编号":209,"行政区编码":"320200","名称":"无锡市"},{"编号":210,"行政区编码":"420800","名称":"荆门市"},{"编号":211,"行政区编码":"341400","名称":"巢湖市"},{"编号":212,"行政区编码":"511700","名称":"达州市"},{"编号":213,"行政区编码":"320500","名称":"苏州市"},{"编号":214,"行政区编码":"320100","名称":"南京市"},{"编号":215,"行政区编码":"420900","名称":"孝感市"},{"编号":216,"行政区编码":"511300","名称":"南充市"},{"编号":217,"行政区编码":"420100","名称":"武汉市"},{"编号":218,"行政区编码":"341800","名称":"宣城市"},{"编号":219,"行政区编码":"340200","名称":"芜湖市"},{"编号":220,"行政区编码":"510600","名称":"德阳市"},{"编号":221,"行政区编码":"420500","名称":"宜昌市"},{"编号":222,"行政区编码":"310100","名称":"上海市市辖区"},{"编号":223,"行政区编码":"510100","名称":"成都市"},{"编号":224,"行政区编码":"341700","名称":"池州市"},{"编号":225,"行政区编码":"340800","名称":"安庆市"},{"编号":226,"行政区编码":"330400","名称":"嘉兴市"},{"编号":227,"行政区编码":"511600","名称":"广安市"},{"编号":228,"行政区编码":"330500","名称":"湖州市"},{"编号":229,"行政区编码":"421100","名称":"黄冈市"},{"编号":230,"行政区编码":"510900","名称":"遂宁市"},{"编号":231,"行政区编码":"500200","名称":"重庆市市辖县"},{"编号":232,"行政区编码":"429000","名称":"湖北省直辖行政单位"},{"编号":233,"行政区编码":"341000","名称":"黄山市"},{"编号":234,"行政区编码":"421000","名称":"荆州市"},{"编号":235,"行政区编码":"511400","名称":"眉山市"},{"编号":236,"行政区编码":"542100","名称":"昌都地区"},{"编号":237,"行政区编码":"441700","名称":"阳江市"},{"编号":238,"行政区编码":"440000","名称":"广东省直辖行政单位"},{"编号":239,"行政区编码":"512000","名称":"资阳市"},{"编号":240,"行政区编码":"511800","名称":"雅安市"},{"编号":241,"行政区编码":"422800","名称":"恩施土家族苗族自治州"},{"编号":242,"行政区编码":"330900","名称":"舟山市"},{"编号":243,"行政区编码":"330600","名称":"绍兴市"},{"编号":244,"行政区编码":"420200","名称":"黄石市"},{"编号":245,"行政区编码":"540100","名称":"拉萨市"},{"编号":246,"行政区编码":"511000","名称":"内江市"},{"编号":247,"行政区编码":"421200","名称":"咸宁市"},{"编号":248,"行政区编码":"360200","名称":"景德镇市"},{"编号":249,"行政区编码":"511100","名称":"乐山市"},{"编号":250,"行政区编码":"360400","名称":"九江市"},{"编号":251,"行政区编码":"330100","名称":"杭州市"},{"编号":252,"行政区编码":"510300","名称":"自贡市"},{"编号":253,"行政区编码":"542600","名称":"林芝地区"},{"编号":254,"行政区编码":"500100","名称":"重庆市市辖区"},{"编号":255,"行政区编码":"500300","名称":"重庆市市辖市"},{"编号":256,"行政区编码":"430800","名称":"张家界市"},{"编号":257,"行政区编码":"460000","名称":"海南省直辖行政单位"},{"编号":258,"行政区编码":"330200","名称":"宁波市"},{"编号":259,"行政区编码":"510500","名称":"泸州市"},{"编号":260,"行政区编码":"330700","名称":"金华市"},{"编号":261,"行政区编码":"330800","名称":"衢州市"},{"编号":262,"行政区编码":"513300","名称":"甘孜藏族自治州"},{"编号":263,"行政区编码":"430700","名称":"常德市"},{"编号":264,"行政区编码":"331000","名称":"台州市"},{"编号":265,"行政区编码":"511500","名称":"宜宾市"},{"编号":266,"行政区编码":"430600","名称":"岳阳市"},{"编号":267,"行政区编码":"433100","名称":"湘西土家族苗族自治州"},{"编号":268,"行政区编码":"430900","名称":"益阳市"},{"编号":269,"行政区编码":"820000","名称":"澳门特别行政区"},{"编号":270,"行政区编码":"340500","名称":"马鞍山市"},{"编号":271,"行政区编码":"310200","名称":"上海市市辖县"},{"编号":272,"行政区编码":"340700","名称":"铜陵市"},{"编号":273,"行政区编码":"460100","名称":"海口市"},{"编号":274,"行政区编码":"442000","名称":"中山市"},{"编号":275,"行政区编码":"632100","名称":"海东地区"},{"编号":276,"行政区编码":"371200","名称":"莱芜市"},{"编号":277,"行政区编码":"371500","名称":"聊城市"},{"编号":278,"行政区编码":"370200","名称":"青岛市"},{"编号":279,"行政区编码":"610600","名称":"延安市"},{"编号":280,"行政区编码":"370300","名称":"淄博市"},{"编号":281,"行政区编码":"370700","名称":"潍坊市"},{"编号":282,"行政区编码":"140900","名称":"忻州市"},{"编号":283,"行政区编码":"140300","名称":"阳泉市"},{"编号":284,"行政区编码":"622800","名称":"庆阳地区"},{"编号":285,"行政区编码":"632500","名称":"海南藏族自治州"},{"编号":286,"行政区编码":"370900","名称":"泰安市"},{"编号":287,"行政区编码":"141000","名称":"临汾市"},{"编号":288,"行政区编码":"140500","名称":"晋城市"},{"编号":289,"行政区编码":"410600","名称":"鹤壁市"},{"编号":290,"行政区编码":"410500","名称":"安阳市"},{"编号":291,"行政区编码":"232700","名称":"大兴安岭地区"},{"编号":292,"行政区编码":"152100","名称":"呼伦贝尔盟"},{"编号":293,"行政区编码":"231100","名称":"黑河市"},{"编号":294,"行政区编码":"230700","名称":"伊春市"},{"编号":295,"行政区编码":"230200","名称":"齐齐哈尔市"},{"编号":296,"行政区编码":"654300","名称":"阿勒泰地区"},{"编号":297,"行政区编码":"230400","名称":"鹤岗市"},{"编号":298,"行政区编码":"230800","名称":"佳木斯市"},{"编号":299,"行政区编码":"230600","名称":"大庆市"},{"编号":300,"行政区编码":"152200","名称":"兴安盟"},{"编号":301,"行政区编码":"231200","名称":"绥化市"},{"编号":302,"行政区编码":"654200","名称":"塔城地区"},{"编号":303,"行政区编码":"230500","名称":"双鸭山市"},{"编号":304,"行政区编码":"230100","名称":"哈尔滨市"},{"编号":305,"行政区编码":"220800","名称":"白城市"},{"编号":306,"行政区编码":"230900","名称":"七台河市"},{"编号":307,"行政区编码":"230300","名称":"鸡西市"},{"编号":308,"行政区编码":"652300","名称":"昌吉回族自治州"},{"编号":309,"行政区编码":"220700","名称":"松原市"},{"编号":310,"行政区编码":"652700","名称":"博尔塔拉蒙古自治州"},{"编号":311,"行政区编码":"231000","名称":"牡丹江市"},{"编号":312,"行政区编码":"220100","名称":"长春市"},{"编号":313,"行政区编码":"654100","名称":"伊犁地区"},{"编号":314,"行政区编码":"650200","名称":"克拉玛依市"},{"编号":315,"行政区编码":"220200","名称":"吉林市"},{"编号":316,"行政区编码":"650100","名称":"乌鲁木齐市"},{"编号":317,"行政区编码":"220300","名称":"四平市"},{"编号":318,"行政区编码":"150500","名称":"通辽市"},{"编号":319,"行政区编码":"652200","名称":"哈密地区"},{"编号":320,"行政区编码":"150300","名称":"乌海市"},{"编号":321,"行政区编码":"210600","名称":"丹东市"},{"编号":322,"行政区编码":"140600","名称":"朔州市"},{"编号":323,"行政区编码":"210200","名称":"大连市"},{"编号":324,"行政区编码":"610800","名称":"榆林市"},{"编号":325,"行政区编码":"640200","名称":"石嘴山市"},{"编号":326,"行政区编码":"632800","名称":"海西蒙古族藏族自治州"},{"编号":327,"行政区编码":"130600","名称":"保定市"},{"编号":328,"行政区编码":"654000","名称":"伊犁哈萨克自治州"},{"编号":329,"行政区编码":"220400","名称":"辽源市"},{"编号":330,"行政区编码":"542400","名称":"那曲地区"},{"编号":331,"行政区编码":"659000","名称":"新疆维吾尔自治区直辖行政单位"},{"编号":332,"行政区编码":"652100","名称":"吐鲁番地区"},{"编号":333,"行政区编码":"222400","名称":"延边朝鲜族自治州"},{"编号":334,"行政区编码":"220600","名称":"白山市"},{"编号":335,"行政区编码":"152900","名称":"阿拉善盟"},{"编号":336,"行政区编码":"211200","名称":"铁岭市"},{"编号":337,"行政区编码":"652800","名称":"巴音郭楞蒙古自治州"},{"编号":338,"行政区编码":"652900","名称":"阿克苏地区"},{"编号":339,"行政区编码":"211300","名称":"朝阳市"},{"编号":340,"行政区编码":"152500","名称":"锡林郭勒盟"},{"编号":341,"行政区编码":"210900","名称":"阜新市"},{"编号":342,"行政区编码":"220500","名称":"通化市"},{"编号":343,"行政区编码":"210400","名称":"抚顺市"},{"编号":344,"行政区编码":"150400","名称":"赤峰市"},{"编号":345,"行政区编码":"210100","名称":"沈阳市"},{"编号":346,"行政区编码":"210300","名称":"鞍山市"},{"编号":347,"行政区编码":"210500","名称":"本溪市"},{"编号":348,"行政区编码":"211100","名称":"盘锦市"},{"编号":349,"行政区编码":"152600","名称":"乌兰察布盟"}]} 